USE QuanLyPhongKham;
INSERT INTO NguoiDung (hoTen, email, matKhau, soDienThoai, ngaySinh, gioiTinh, vaiTro) VALUES
(N'Nguyễn Thị Hồng Loan', N'bacsi13@gmail.com', N'bacsi123', N'0965432187', '1988-03-12', N'Nữ', N'Bác sĩ'),
(N'Trần Minh Quân', N'bacsi14@gmail.com', N'bacsi123', N'0976543298', '1985-09-28', N'Nam', N'Bác sĩ'),
(N'Lê Thị Thanh Nga', N'bacsi15@gmail.com', N'bacsi123', N'0987654309', '1990-11-15', N'Nữ', N'Bác sĩ'),
(N'Phạm Văn Hùng', N'bacsi16@gmail.com', N'bacsi123', N'0912345670', '1987-07-03', N'Nam', N'Bác sĩ'),
(N'Võ Thị Lan Hương', N'bacsi17@gmail.com', N'bacsi123', N'0943216587', '1989-12-20', N'Nữ', N'Bác sĩ'),
(N'Đỗ Minh Tuấn', N'bacsi18@gmail.com', N'bacsi123', N'0932165478', '1986-04-08', N'Nam', N'Bác sĩ'),
(N'Hoàng Thị Mai Linh', N'bacsi19@gmail.com', N'bacsi123', N'0921456783', '1991-01-25', N'Nữ', N'Bác sĩ'),
(N'Lương Văn Đạt', N'bacsi20@gmail.com', N'bacsi123', N'0954321876', '1984-08-18', N'Nam', N'Bác sĩ'),
(N'Trịnh Thị Hương Giang', N'bacsi21@gmail.com', N'bacsi123', N'0965478321', '1992-06-14', N'Nữ', N'Bác sĩ'),
(N'Bùi Thanh Tùng', N'bacsi22@gmail.com', N'bacsi123', N'0938765412', '1983-10-30', N'Nam', N'Bác sĩ');
INSERT INTO NguoiDung (hoTen, email, matKhau, soDienThoai, ngaySinh, gioiTinh, vaiTro) VALUES
(N'Nguyễn Thị Linh', N'bacsi05@gmail.com', N'bacsi123', N'0909876543', '1987-03-15', N'Nữ', N'Bác sĩ'),
(N'Vũ Minh Tâm', N'bacsi06@gmail.com', N'bacsi123', N'0923456781', '1985-12-08', N'Nam', N'Bác sĩ'),
(N'Đặng Thị Hoa', N'bacsi07@gmail.com', N'bacsi123', N'0987123456', '1990-07-22', N'Nữ', N'Bác sĩ'),
(N'Trương Văn Đức', N'bacsi08@gmail.com', N'bacsi123', N'0934567123', '1983-01-18', N'Nam', N'Bác sĩ'),
(N'Lý Thị Kim', N'bacsi09@gmail.com', N'bacsi123', N'0912765432', '1989-09-30', N'Nữ', N'Bác sĩ'),
(N'Phan Minh Hoàng', N'bacsi10@gmail.com', N'bacsi123', N'0967432109', '1986-04-12', N'Nam', N'Bác sĩ'),
(N'Võ Thị Thanh', N'bacsi11@gmail.com', N'bacsi123', N'0945321098', '1991-11-05', N'Nữ', N'Bác sĩ'),
(N'Huỳnh Văn Long', N'bacsi12@gmail.com', N'bacsi123', N'0978543210', '1984-06-28', N'Nam', N'Bác sĩ'),
(N'Nguyễn Văn Minh', N'admin@gmail.com', N'admin123', N'0987654321', '1985-05-20', N'Nam', N'Admin'),
(N'Trần Thị Hương', N'bacsi01@gmail.com', N'bacsi123', N'0912345678', '1982-09-15', N'Nữ', N'Bác sĩ'),
(N'Lê Tuấn Đạt', N'bacsi02@gmail.com', N'bacsi123', N'0907001320', '1988-08-06', N'Nam', N'Bác sĩ'),
(N'Phạm Thị Mai', N'bacsi03@gmail.com', N'bacsi12a3', N'0908765432', '1990-04-25', N'Nữ', N'Bác sĩ'),
(N'Hoàng Văn Nam', N'bacsi04@gmail.com', N'bacsi123', N'0901234567', '1986-11-10', N'Nam', N'Bác sĩ'),
(N'Lê Thị Thanh', N'letan@gmail.com', N'letan123', N'0905123456', '1992-07-10', N'Nữ', N'Lễ tân'),
(N'Hoàng Thị Lan', N'ketoan@gmail.com', N'ketoan123', N'0934567890', '1988-11-30', N'Nữ', N'Kế toán'),
(N'Phạm Văn Tùng', N'quankho@gmail.com', N'quankho123', N'0976543210', '1995-03-25', N'Nam', N'Quản kho'),
(N'Trần Minh Hoàng', N'tranminhhoang@gmail.com', N'user123', N'0978123456', '1990-07-15', N'Nam', null),
(N'Phạm Thị Lan', N'user@gmail.com', N'user123', N'0967543210', '1985-12-30', N'Nữ', null),
(N'Đỗ Văn Tuấn', N'dovantuan@gmail.com', N'user123', N'0987654321', '2000-04-18', N'Nam', null),
(N'Vũ Ngọc Mai', N'vungocmai@gmail.com', N'user123', N'0934567890', '1998-11-25', N'Nữ', null),
(N'Ngô Đức Tài', N'ngoductai@gmail.com', N'user123', N'0923456789', '1993-06-10', N'Nam', null),
(N'Ngô Bảo Anh', N'ngobaoanh@gmail.com', N'user123', N'0923451289', '1999-06-10', N'Nam', null),
(N'Lương Thị Hạnh', N'luongthihanh@gmail.com', N'user123', N'0912123456', '1987-09-05', N'Nữ', null),
(N'Bùi Quang Minh', N'buiquangminh@gmail.com', N'user123', N'0912876543', '1995-03-12', N'Nam', null),
(N'Hoàng Thị Lan Anh', N'hoangthilananh@gmail.com', N'user123', N'0967123456', '1988-07-22', N'Nữ', null),
(N'Đặng Quốc Tuấn', N'dangquoctuan@gmail.com', N'user123', N'0923789456', '1982-11-30', N'Nam', null),
(N'Lê Thu Trang', N'lethutrang@gmail.com', N'user123', N'0912345687', '2001-05-18', N'Nữ', null),
(N'Nguyễn Văn Hòa', N'nguyenvanhoa@gmail.com', N'user123', N'0978912345', '1979-08-25', N'Nam', null),
(N'Trịnh Minh Thư', N'trinhminhthư@gmail.com', N'user123', N'0945678912', '2002-01-15', N'Nữ', null),
(N'Phan Thanh Hải', N'phanthanhhai@gmail.com', N'user123', N'0989123456', '1997-09-30', N'Nam', null),
(N'Dương Thị Hồng', N'duongthihong@gmail.com', N'user123', N'0967891234', '1994-12-20', N'Nữ', null);
INSERT INTO BenhNhan (hoTen, ngaySinh, gioiTinh, soDienThoai, cccd, diaChi) VALUES
(N'Trần Minh Hoàng', '1990-07-15', N'Nam', N'0978123456', N'052090000123', N'23 Lê Lợi, Quận 1, TP.HCM'),
(N'Phạm Thị Lan', '1985-12-30', N'Nữ', N'0967543210', N'031085000234', N'45 Lạch Tray, Quận 3, TP.HCM'),
(N'Đỗ Văn Tuấn', '2000-04-18', N'Nam', N'0987654321', N'001000012345', N'78 Nguyễn Văn Cừ, Quận 5, TP.HCM'),
(N'Vũ Ngọc Mai', '1998-11-25', N'Nữ', N'0934567890', N'074098000456', N'12 Nguyễn Huệ, Quận 1, TP.HCM'),
(N'Ngô Đức Tài', '1993-06-10', N'Nam', N'0923456789', N'046093000567', N'56 Trần Hưng Đạo, Quận 1, TP.HCM'),
(N'Ngô Bảo Anh', '1999-06-10', N'Nam', N'0923451289', N'046099000321', N'34 Lê Lợi, Quận 3, TP.HCM'),
(N'Lương Thị Hạnh', '1987-09-05', N'Nữ', N'0912123456', N'040087000678', N'45 Võ Văn Tần, Quận 3, TP.HCM'),
(N'Bùi Quang Minh', '1995-03-12', N'Nam', N'0912876543', N'001095000789', N'67 Điện Biên Phủ, Quận Bình Thạnh, TP.HCM'),
(N'Hoàng Thị Lan Anh', '1988-07-22', N'Nữ', N'0967123456', N'001088000987', N'34 Cộng Hòa, Quận Tân Bình, TP.HCM'),
(N'Đặng Quốc Tuấn', '1982-11-30', N'Nam', N'0923789456', N'079082000654', N'89 Nguyễn Đình Chiểu, Quận 3, TP.HCM'),
(N'Lê Thu Trang', '2001-05-18', N'Nữ', N'0912345687', N'001001000321', N'12 Pasteur, Quận 1, TP.HCM'),
(N'Nguyễn Văn Hòa', '1979-08-25', N'Nam', N'0978912345', N'001079000123', N'56 Hai Bà Trưng, Quận 1, TP.HCM'),
(N'Trịnh Minh Thư', '2002-01-15', N'Nữ', N'0945678912', N'001002000456', N'78 Lý Tự Trọng, Quận 1, TP.HCM'),
(N'Phan Thanh Hải', '1997-09-30', N'Nam', N'0989123456', N'079097000789', N'23 Võ Văn Tần, Quận 3, TP.HCM'),
(N'Dương Thị Hồng', '1994-12-20', N'Nữ', N'0967891234', N'079094000654', N'45 Trần Hưng Đạo, Quận 1, TP.HCM');
INSERT INTO BenhNhan (hoTen, ngaySinh, gioiTinh, soDienThoai, cccd, diaChi) VALUES
(N'Nguyễn Thị Hằng', '1975-02-14', N'Nữ', N'0912345098', N'001075000456', N'89 Nguyễn Thị Minh Khai, Quận 1, TP.HCM'),
(N'Võ Minh Trí', '1995-08-20', N'Nam', N'0987654123', N'079095000789', N'156 Lê Văn Sỹ, Quận 3, TP.HCM'),
(N'Trần Thị Ngọc', '2003-12-05', N'Nữ', N'0934567812', N'001003000123', N'67 Nguyễn Văn Trỗi, Quận Phú Nhuận, TP.HCM'),
(N'Lê Văn Đức', '1988-06-30', N'Nam', N'0923456781', N'001088000456', N'234 Cách Mạng Tháng 8, Quận 10, TP.HCM'),
(N'Phạm Thị Thu', '1972-11-18', N'Nữ', N'0909876123', N'001072000789', N'345 Hoàng Văn Thụ, Quận Tân Bình, TP.HCM'),
(N'Hoàng Minh Khôi', '2001-03-22', N'Nam', N'0967543812', N'001001000234', N'123 Phan Xích Long, Quận Phú Nhuận, TP.HCM'),
(N'Đặng Thị Linh', '1990-09-08', N'Nữ', N'0945678123', N'001090000567', N'456 Đinh Tiên Hoàng, Quận Bình Thạnh, TP.HCM'),
(N'Bùi Văn Thành', '1983-04-15', N'Nam', N'0932165487', N'001083000890', N'789 Xô Viết Nghệ Tĩnh, Quận Bình Thạnh, TP.HCM'),
(N'Lý Thị Xuân', '1996-07-12', N'Nữ', N'0954321678', N'001096000123', N'234 Phan Đăng Lưu, Quận Phú Nhuận, TP.HCM'),
(N'Trịnh Văn Hải', '1979-01-28', N'Nam', N'0976543219', N'001079000456', N'567 Nguyễn Kiệm, Quận Gò Vấp, TP.HCM'),
(N'Ngô Thị Hoa', '1987-10-03', N'Nữ', N'0938765412', N'001087000789', N'890 Quang Trung, Quận Gò Vấp, TP.HCM'),
(N'Vũ Minh Đức', '1992-05-17', N'Nam', N'0921456783', N'001092000012', N'123 Lê Đức Thọ, Quận Gò Vấp, TP.HCM'),
(N'Cao Thị Bích', '1985-12-09', N'Nữ', N'0965432178', N'001085000345', N'456 Nguyễn Oanh, Quận Gò Vấp, TP.HCM'),
(N'Phan Văn Long', '1998-08-25', N'Nam', N'0943217865', N'001098000678', N'789 Phạm Văn Đồng, Quận Thủ Đức, TP.HCM'),
(N'Đinh Thị Mai', '1981-06-11', N'Nữ', N'0987123654', N'001081000901', N'234 Võ Văn Ngân, Quận Thủ Đức, TP.HCM');

INSERT INTO PhongKham (tenPhong, diaChi) VALUES
(N'Phòng khám Nha khoa Quận 1', N'123 Nguyễn Huệ, Quận 1, TP.HCM'),
(N'Phòng khám Nha khoa Quận 3', N'456 Võ Văn Tần, Quận 3, TP.HCM'),
(N'Phòng khám Nha khoa Bình Thạnh', N'789 Điện Biên Phủ, Quận Bình Thạnh, TP.HCM');

INSERT INTO BacSi (hoTenBacSi, idNguoiDung, idPhongKham, chuyenKhoa, bangCap, kinhNghiem) VALUES
(N'Trần Thị Hương', 2, 1, N'Nha khoa thẩm mỹ', N'Thạc sĩ Nha khoa thẩm mỹ - Đại học Y Dược TP.HCM (2016)', 8),
(N'Lê Tuấn Đạt', 3, 2, N'Nha khoa trẻ em', N'Bác sĩ Chuyên khoa I - Đại học Y Dược TP.HCM (2015)', 9),
(N'Phạm Thị Mai', 4, 3, N'Nội nha', N'Tiến sĩ Nội nha - Đại học Y Dược TP.HCM (2012)', 12),
(N'Hoàng Văn Nam', 5, 1, N'Phục hình răng', N'Thạc sĩ Phục hình răng - Đại học Y Dược TP.HCM (2014)', 10),
(N'Nguyễn Thị Linh', 24, 1, N'Nha khoa thẩm mỹ', N'Thạc sĩ Nha khoa thẩm mỹ - Đại học Y Dược Huế (2018)', 6),
(N'Vũ Minh Tâm', 25, 2, N'Nha khoa trẻ em', N'Bác sĩ Chuyên khoa I - Đại học Y Dược Cần Thơ (2017)', 7),
(N'Đặng Thị Hoa', 26, 3, N'Nội nha', N'Tiến sĩ Nội nha - Đại học Y Dược Hà Nội (2013)', 11),
(N'Trương Văn Đức', 27, 1, N'Phục hình răng', N'Thạc sĩ Phục hình răng - Đại học Y Dược TP.HCM (2013)', 11),
(N'Lý Thị Kim', 28, 2, N'Nha khoa thẩm mỹ', N'Bác sĩ Chuyên khoa II - Đại học Y Dược TP.HCM (2019)', 5),
(N'Phan Minh Hoàng', 29, 3, N'Nha khoa trẻ em', N'Thạc sĩ Nha khoa trẻ em - Đại học Y Dược TP.HCM (2016)', 8),
(N'Võ Thị Thanh', 30, 1, N'Nội nha', N'Bác sĩ Chuyên khoa I - Đại học Y Dược Huế (2020)', 4),
(N'Huỳnh Văn Long', 31, 2, N'Phục hình răng', N'Tiến sĩ Phục hình răng - Đại học Y Dược TP.HCM (2011)', 13);
INSERT INTO BacSi (hoTenBacSi, idNguoiDung, idPhongKham, chuyenKhoa, bangCap, kinhNghiem) VALUES
(N'Nguyễn Thị Hồng Loan', 32, 1, N'Nha khoa thẩm mỹ', N'Thạc sĩ Nha khoa thẩm mỹ - Đại học Y Dược TP.HCM (2019)', 5),
(N'Trần Minh Quân', 33, 2, N'Nha khoa trẻ em', N'Bác sĩ Chuyên khoa I - Đại học Y Dược Huế (2018)', 6),
(N'Lê Thị Thanh Nga', 34, 3, N'Nội nha', N'Thạc sĩ Nội nha - Đại học Y Dược TP.HCM (2017)', 7),
(N'Phạm Văn Hùng', 35, 1, N'Phục hình răng', N'Tiến sĩ Phục hình răng - Đại học Y Dược Hà Nội (2015)', 9),
(N'Võ Thị Lan Hương', 36, 2, N'Nha khoa thẩm mỹ', N'Bác sĩ Chuyên khoa II - Đại học Y Dược Cần Thơ (2020)', 4),
(N'Đỗ Minh Tuấn', 37, 1, N'Chỉnh nha', N'Thạc sĩ Chỉnh nha - Đại học Y Dược TP.HCM (2014)', 10),
(N'Hoàng Thị Mai Linh', 38, 2, N'Nha khoa pháp y', N'Bác sĩ Chuyên khoa I - Đại học Y Dược Huế (2021)', 3),
(N'Lương Văn Đạt', 39, 3, N'Phẫu thuật hàm mặt', N'Tiến sĩ Phẫu thuật hàm mặt - Đại học Y Dược TP.HCM (2012)', 12),
(N'Trịnh Thị Hương Giang', 40, 1, N'Nha khoa cộng đồng', N'Thạc sĩ Y tế công cộng - Đại học Y Dược TP.HCM (2020)', 4),
(N'Bùi Thanh Tùng', 41, 2, N'Implant nha khoa', N'Bác sĩ Chuyên khoa II - Đại học Y Dược Hà Nội (2016)', 8);
INSERT INTO LichHen (idBacSi, idBenhNhan, ngayHen, idPhongKham, gioHen, trangThai, moTa) VALUES
-- Thứ 2 - 23/06/2025
(1, 2, '2025-06-23', 1, '09:00:00', N'Chờ xác nhận', N'Khám tổng quát và tư vấn điều trị'),

-- Thứ 4 - 25/06/2025  
(5, 2, '2025-06-25', 1, '14:30:00', N'Chờ xác nhận', N'Tư vấn làm răng sứ thẩm mỹ'),

-- Thứ 6 - 27/06/2025
(2, 2, '2025-06-27', 2, '10:00:00', N'Chờ xác nhận', N'Điều trị sâu răng và trám composite'),

-- Thứ 7 - 28/06/2025
(3, 2, '2025-06-28', 3, '15:30:00', N'Chờ xác nhận', N'Cạo vôi răng và vệ sinh răng miệng');

INSERT INTO LichHen (idBacSi, idBenhNhan, ngayHen, idPhongKham, gioHen, trangThai, moTa) VALUES
(13, 1, '2025-06-12', 1, '08:00:00', N'Chờ xác nhận', N'Tư vấn làm răng sứ thẩm mỹ'),
(13, 5, '2025-06-15', 1, '09:30:00', N'Chờ xác nhận', N'Tẩy trắng răng chuyên nghiệp'),
(14, 3, '2025-06-14', 2, '10:00:00', N'Chờ xác nhận', N'Khám răng định kỳ cho trẻ'),
(14, 7, '2025-06-18', 2, '14:30:00', N'Chờ xác nhận', N'Bôi Fluor phòng sâu răng'),
(15, 2, '2025-06-16', 3, '11:00:00', N'Chờ xác nhận', N'Điều trị tủy răng hàm lớn'),
(15, 8, '2025-06-20', 3, '15:00:00', N'Chờ xác nhận', N'Tái khám sau điều trị tủy'),
(18, 4, '2025-06-22', 1, '09:00:00', N'Chờ xác nhận', N'Tư vấn niềng răng chỉnh nha'),
(19, 6, '2025-06-25', 2, '13:30:00', N'Chờ xác nhận', N'Khám định kỳ nha khoa pháp y'),
(20, 9, '2025-06-28', 3, '08:30:00', N'Chờ xác nhận', N'Tư vấn phẫu thuật hàm mặt');
-- Thêm dữ liệu mẫu vào bảng NhaCungCap
INSERT INTO NhaCungCap (tenNCC, diaChi, soDienThoai, MaSoThue, NgayDangKy) VALUES
(N'Công ty Dược phẩm ABC', N'10 Nguyễn Huệ, Quận 1, TP.HCM', N'02812345678', N'123456789012', '2023-01-15'),
(N'Thiết bị Y tế XYZ', N'25 Trần Hưng Đạo, Quận Hoàn Kiếm, Hà Nội', N'02498765432', N'345678901234', '2022-12-30'),
(N'Vật tư Tiêu hao Minh Anh', N'5 Lê Duẩn, Quận Hải Châu, Đà Nẵng', N'02365432109', N'456789012345', '2023-04-18'),
(N'Dụng cụ Y khoa Bình An', N'30 Hoàng Diệu, Quận Ngô Quyền, Hải Phòng', N'02251122334', N'567890123456', '2022-11-25'),
(N'Hóa chất Xét nghiệm Sài Gòn', N'78 Võ Văn Tần, Quận 3, TP.HCM', N'02855667788', N'678901234567', '2023-06-10'),
(N'Công ty TNHH Trang Thiết Bị Y Tế Đức Minh', N'Khu Công Nghiệp Biên Hòa, Đồng Nai', N'02519988776', N'789012345678', '2023-02-20'),
(N'Dược phẩm Toàn Cầu', N'Lô B7 Khu Đô Thị Mới, Hà Đông, Hà Nội', N'02433445566', N'890123456789', '2022-09-01'),
(N'Vật tư Y tế Thanh Xuân', N'15 Nguyễn Trãi, Quận Thanh Xuân, Hà Nội', N'0909112233', N'901234567890', '2023-03-05'),
(N'Thiết bị Nha Khoa Phương Nam', N'42 Đường 3 Tháng 2, Quận 10, TP.HCM', N'0933445566', N'012345678901', '2023-07-22'),
(N'Bông Băng Việt', N'Khu Công Nghiệp Sóng Thần, TP Dĩ An, Bình Dương', N'02748899001', N'112233445566', '2022-08-11');

-- Thêm dữ liệu mẫu vào bảng KhoVatTu
INSERT INTO KhoVatTu (tenVatTu, soLuong, donViTinh, idNCC, phanLoai) VALUES
(N'Bơm tiêm 5ml', 1000, N'cái', 1, N'Vật tư tiêu hao'),
(N'Gạc vô trùng', 5000, N'gói', 3, N'Vật tư tiêu hao'),
(N'Nước muối sinh lý', 2000, N'chai', 1, N'Dung dịch'),
(N'Khẩu trang y tế', 10000, N'chiếc', 3, N'Vật tư tiêu hao'),
(N'Kim chích nha khoa', 8000, N'cái', 2, N'Vật tư tiêu hao'),
(N'Băng dính y tế', 3000, N'cuộn', 3, N'Vật tư tiêu hao'),
(N'Cồn 70 độ', 1000, N'lít', 5, N'Dung dịch'),
(N'Găng tay y tế (có bột)', 12000, N'đôi', 3, N'Vật tư tiêu hao'),
(N'Găng tay y tế (không bột)', 9000, N'đôi', 3, N'Vật tư tiêu hao'),
(N'Máy đo huyết áp điện tử', 200, N'cái', 2, N'Thiết bị'),
(N'Nhiệt kế điện tử', 300, N'cái', 2, N'Thiết bị'),
(N'Kéo phẫu thuật nha khoa', 150, N'cái', 4, N'Dụng cụ nha khoa'),
(N'Panh nha khoa', 180, N'cái', 4, N'Dụng cụ nha khoa'),
(N'Bông y tế', 7000, N'gói', 3, N'Vật tư tiêu hao'),
(N'Ghế nha khoa', 15, N'cái', 9, N'Thiết bị nha khoa'),
(N'Tay khoan nha khoa tốc độ cao', 50, N'cái', 9, N'Thiết bị nha khoa'),
(N'Vật liệu trám răng composite', 300, N'tuýp', 9, N'Vật liệu nha khoa'),
(N'Thuốc tê nha khoa', 500, N'ống', 1, N'Dược phẩm nha khoa'),
(N'Gương nha khoa', 200, N'cái', 9, N'Dụng cụ nha khoa'),
(N'Chỉ khâu nha khoa', 400, N'gói', 4, N'Vật tư tiêu hao'),
(N'Vật liệu lấy dấu', 250, N'hộp', 9, N'Vật liệu nha khoa'),
(N'Dung dịch súc miệng', 600, N'chai', 5, N'Dung dịch'),
(N'Máy chụp X-quang nha khoa', 10, N'cái', 9, N'Thiết bị nha khoa'),
(N'Mũi khoan nha khoa', 400, N'cái', 9, N'Dụng cụ nha khoa'),
(N'Đèn quang trùng hợp', 30, N'cái', 9, N'Thiết bị nha khoa');

-- Thêm dữ liệu mẫu vào bảng Thuoc
INSERT INTO Thuoc (tenThuoc, donViTinh, gia) VALUES
(N'Amoxicillin 500mg', N'Viên', 12000),
(N'Paracetamol 500mg', N'Viên', 5000),
(N'Ibuprofen 400mg', N'Viên', 8000),
(N'Metronidazole 250mg', N'Viên', 7000),
(N'Dexamethasone 0.5mg', N'Viên', 10000),
(N'Nước súc miệng Listerine', N'Chai', 75000),
(N'Gel Sensodyne - Kem đánh răng cho răng nhạy cảm', N'Tuýp', 85000),
(N'Cephalosporin 500mg', N'Viên', 15000),
(N'Thuốc giảm đau răng Dentanalgi', N'Tuýp', 45000),
(N'Vitamin C 1000mg', N'Viên', 3000),
(N'Thuốc nước súc miệng Colgate', N'Chai', 65000),
(N'Chlorhexidine 0.12%', N'Chai', 80000),
(N'Thuốc bôi lợi Periodontol', N'Tuýp', 60000),
(N'Kem bôi chống nhiễm trùng nha khoa', N'Tuýp', 55000),
(N'Hydrogen Peroxide 3%', N'Chai', 40000);

-- Thêm dữ liệu mẫu vào bảng DichVu
INSERT INTO DichVu (tenDichVu, gia) VALUES
(N'Khám và tư vấn nha khoa', 200000),
(N'Điều trị răng sâu', 500000),
(N'Nhổ răng thông thường', 300000),
(N'Nhổ răng khôn đơn giản', 800000),
(N'Nhổ răng khôn phức tạp', 1500000),
(N'Trám răng composite', 400000),
(N'Tẩy trắng răng tại phòng khám', 1500000),
(N'Cạo vôi răng và đánh bóng', 250000),
(N'Điều trị tủy răng một chân', 800000),
(N'Điều trị tủy răng nhiều chân', 1200000),
(N'Niềng răng mắc cài kim loại', 25000000),
(N'Niềng răng mắc cài sứ', 35000000),
(N'Niềng răng khay trong suốt', 45000000),
(N'Bọc răng sứ Zirconia', 4500000),
(N'Bọc răng sứ Ceramill', 5000000),
(N'Cấy ghép Implant', 20000000),
(N'Chụp X-quang răng toàn cảnh', 150000),
(N'Chụp CT Cone Beam', 800000),
(N'Điều trị viêm nha chu', 600000),
(N'Phục hình răng tháo lắp', 3500000);

INSERT INTO HoSoBenhAn (idBenhNhan, chuanDoan, ghiChu, ngayTao, trangThai) VALUES
(1, N'Sâu răng vùng cổ răng số 16, 26', N'Bệnh nhân có tiền sử đau nhức khi ăn đồ ngọt.', '2024-01-15', N'Hoàn tất'),
(2, N'Viêm nha chu cấp tính', N'Lợi sưng đỏ, chảy máu khi chải răng.', '2024-02-20', N'Hoàn tất'),
(3, N'Răng khôn số 48 mọc lệch, gây viêm nướu', N'Cần nhổ răng khôn số 48.', '2024-03-05', N'Hoàn tất'),
(4, N'Răng cửa số 11 bị gãy 1/3', N'Bệnh nhân bị va đập khi chơi thể thao.', '2024-04-12', N'Hoàn tất'),
(5, N'Sâu răng sâu số 36, cần điều trị tủy', N'Bệnh nhân đau nhức liên tục vào ban đêm.', '2024-05-01', N'Đang điều trị'),
(6, N'Mất răng số 14, 15, 16 cần làm cầu răng', N'Mất răng lâu năm do sâu răng.', '2024-05-10', N'Đang điều trị'),
(7, N'Viêm nướu nhẹ, cao răng nhiều', N'Cần vệ sinh răng miệng định kỳ.', '2024-05-18', N'Mới'),
(8, N'Răng sứt mẻ số 21, 22 cần phục hình', N'Bệnh nhân muốn làm dán sứ veneer.', '2024-05-22', N'Mới'),
(9, N'Răng hô cần niềng răng', N'Bệnh nhân muốn cải thiện thẩm mỹ khuôn mặt.', '2024-05-25', N'Mới'),
(10, N'Loạn khớp thái dương hàm', N'Bệnh nhân có tiếng kêu khi há miệng, đau vùng khớp.', '2024-05-27', N'Mới');
INSERT INTO HoSoBenhAn (idBenhNhan, chuanDoan, ghiChu, ngayTao, trangThai) VALUES
(11, N'Sâu răng số 24, 25 giai đoạn sâu vừa', N'Bệnh nhân đau nhức khi ăn đồ lạnh, cần trám răng sớm.', '2024-06-01', N'Đang điều trị'),
(12, N'Răng khôn số 18 mọc lệch, ảnh hưởng răng số 17', N'Cần nhổ răng khôn để tránh chen chúc răng.', '2024-06-03', N'Đang điều trị'),
(13, N'Thiếu răng số 35, 36, 37 cần trồng răng', N'Bệnh nhân mất răng do tai nạn 2 năm trước.', '2024-06-05', N'Mới'),
(14, N'Viêm nha chu mãn tính toàn hàm', N'Lợi tụt, răng lung lay nhẹ, cần điều trị dài hạn.', '2024-06-08', N'Đang điều trị'),
(15, N'Răng cửa số 21 nhiễm tetracycline', N'Bệnh nhân muốn cải thiện màu sắc răng bằng veneer.', '2024-06-10', N'Mới'),
(16, N'Khớp cắn sai, cần chỉnh nha', N'Răng hàm trên và dưới không khớp đúng.', '2024-06-12', N'Mới'),
(17, N'Sâu răng số 46, 47 sâu sâu đến tủy', N'Đau dữ dội vào ban đêm, cần điều trị tủy gấp.', '2024-06-15', N'Đang điều trị'),
(18, N'Áp xe răng số 12', N'Sưng phù vùng mặt, cần dẫn lưu và kháng sinh.', '2024-06-18', N'Đang điều trị'),
(19, N'Tụt lợi vùng răng nanh số 13, 23', N'Lợi tụt lộ chân răng, nhạy cảm khi ăn uống.', '2024-06-20', N'Mới'),
(20, N'Nứt răng số 16 do cắn phải đồ cứng', N'Nứt dọc theo mặt nhai, nguy cơ gãy răng cao.', '2024-06-22', N'Đang điều trị'),
(21, N'Ê buốt răng toàn hàm', N'Răng nhạy cảm với đồ lạnh, nóng do men răng mỏng.', '2024-06-25', N'Mới'),
(22, N'Mòn cổ răng số 14, 15, 24, 25', N'Do đánh răng sai cách, lực quá mạnh.', '2024-06-28', N'Hoàn tất'),
(23, N'Viêm tủy răng số 26 cấp tính', N'Đau nhức dữ dội, không ngủ được, cần điều trị tủy.', '2024-07-01', N'Đang điều trị'),
(24, N'Hội chứng rối loạn khớp thái dương hàm', N'Có tiếng kêu khi há miệng, đau cơ nhai.', '2024-07-03', N'Đang điều trị'),
(25, N'Cần làm hàm tháo lắp toàn phần hàm dưới', N'Mất hết răng hàm dưới, cần phục hình toàn bộ.', '2024-07-05', N'Mới');

INSERT INTO LichHen (idBacSi, idBenhNhan, ngayHen, idPhongKham, gioHen, trangThai, moTa) VALUES
(1, 11, '2025-01-08', 1, '08:00:00', N'Đã hoàn thành', N'Khám tổng quát và tư vấn'),
(2, 12, '2025-01-10', 2, '09:30:00', N'Đã hoàn thành', N'Điều trị sâu răng số 17'),
(3, 13, '2025-01-12', 3, '14:00:00', N'Đã hoàn thành', N'Cạo vôi răng định kỳ'),
(4, 14, '2025-01-15', 1, '10:30:00', N'Đã hoàn thành', N'Nhổ răng sữa'),
(1, 15, '2025-01-18', 2, '15:00:00', N'Đã hoàn thành', N'Khám đau răng cấp tính'),
(2, 1, '2025-01-22', 1, '08:30:00', N'Đã hoàn thành', N'Tái khám sau trám răng'),
(3, 2, '2025-01-25', 2, '11:00:00', N'Đã hoàn thành', N'Điều trị viêm nha chu lần 2'),
(4, 3, '2025-01-28', 3, '16:30:00', N'Đã hủy', N'Bệnh nhân báo bận đột xuất'),
(1, 4, '2025-02-03', 1, '09:00:00', N'Đã hoàn thành', N'Kiểm tra răng phục hình'),
(2, 5, '2025-02-05', 2, '14:30:00', N'Đã hoàn thành', N'Điều trị tủy răng lần 2'),
(3, 6, '2025-02-08', 3, '10:00:00', N'Đã hoàn thành', N'Lấy dấu hàm để làm cầu răng'),
(4, 7, '2025-02-12', 1, '15:30:00', N'Đã hoàn thành', N'Vệ sinh răng miệng chuyên sâu'),
(1, 8, '2025-02-15', 2, '08:00:00', N'Đã hoàn thành', N'Tư vấn phục hình thẩm mỹ'),
(2, 9, '2025-02-18', 3, '11:30:00', N'Đã hoàn thành', N'Khám tư vấn niềng răng'),
(3, 10, '2025-02-22', 1, '13:00:00', N'Đã hoàn thành', N'Điều trị loạn khớp thái dương hàm'),
(4, 11, '2025-02-25', 2, '16:00:00', N'Đã hủy', N'Thời tiết xấu, hoãn lịch'),
(1, 12, '2025-02-28', 3, '09:30:00', N'Đã hoàn thành', N'Tái khám sau điều trị'),
(2, 13, '2025-03-05', 1, '08:30:00', N'Đã hoàn thành', N'Trám răng composite'),
(3, 14, '2025-03-08', 2, '10:00:00', N'Đã hoàn thành', N'Điều trị tủy răng số 26'),
(4, 15, '2025-03-12', 3, '14:00:00', N'Đã hoàn thành', N'Nhổ răng khôn số 38'),
(1, 1, '2025-03-15', 1, '11:30:00', N'Đã hoàn thành', N'Kiểm tra răng đã trám'),
(2, 2, '2025-03-18', 2, '15:30:00', N'Đã hoàn thành', N'Hoàn tất điều trị viêm nha chu'),
(3, 3, '2025-03-22', 3, '09:00:00', N'Đã hoàn thành', N'Tái khám sau nhổ răng khôn'),
(4, 4, '2025-03-25', 1, '13:30:00', N'Đã hoàn thành', N'Lắp răng sứ tạm thời'),
(1, 5, '2025-03-28', 2, '16:00:00', N'Đã hoàn thành', N'Hoàn tất điều trị tủy'),
(2, 6, '2025-04-02', 3, '08:00:00', N'Đã hoàn thành', N'Thử cầu răng'),
(3, 7, '2025-04-05', 1, '10:30:00', N'Đã hoàn thành', N'Khám định kỳ 3 tháng'),
(4, 8, '2025-04-08', 2, '14:30:00', N'Đã hoàn thành', N'Làm veneer răng cửa'),
(1, 9, '2025-04-12', 3, '11:00:00', N'Đã hoàn thành', N'Lắp mắc cài niềng răng'),
(2, 10, '2025-04-15', 1, '15:00:00', N'Đã hoàn thành', N'Tái khám điều trị khớp hàm'),
(3, 11, '2025-04-18', 2, '09:30:00', N'Đã hoàn thành', N'Chuẩn bị trồng răng Implant'),
(4, 12, '2025-04-22', 3, '13:00:00', N'Đã hoàn thành', N'Điều trị tủy răng số 37'),
(1, 13, '2025-04-25', 1, '16:30:00', N'Đã hủy', N'Bệnh nhân có việc gia đình'),
(2, 14, '2025-04-28', 2, '10:00:00', N'Đã hoàn thành', N'Tái khám sau điều trị tủy'),
(3, 15, '2025-05-03', 3, '08:30:00', N'Đã hoàn thành', N'Tái khám sau nhổ răng khôn'),
(1, 1, '2025-06-02', 1, '08:00:00', N'Đã xác nhận', N'Khám định kỳ 6 tháng'),
(2, 3, '2025-06-05', 2, '09:30:00', N'Đã xác nhận', N'Điều trị tủy răng lần 3'),
(3, 5, '2025-06-08', 3, '14:00:00', N'Đã xác nhận', N'Tái khám sau cấy implant'),
(4, 7, '2025-06-12', 1, '10:30:00', N'Đã xác nhận', N'Điều chỉnh niềng răng'),
(1, 9, '2025-06-15', 2, '15:00:00', N'Chờ xác nhận', N'Khám tư vấn bọc răng sứ'),
(2, 11, '2025-06-18', 3, '08:30:00', N'Chờ xác nhận', N'Cạo vôi răng định kỳ'),
(3, 13, '2025-06-22', 1, '11:00:00', N'Chờ xác nhận', N'Nhổ răng sữa trẻ em'),
(4, 15, '2025-06-25', 2, '16:30:00', N'Chờ xác nhận', N'Tẩy trắng răng'),
(1, 2, '2025-06-28', 3, '09:00:00', N'Chờ xác nhận', N'Khám tổng quát định kỳ'),
(2, 4, '2025-07-02', 1, '14:30:00', N'Chờ xác nhận', N'Lắp cầu răng cố định');

INSERT INTO DieuTri (idHoSo, idBacSi, moTa, ngayDieuTri) VALUES
(4, 4, N'Phục hình răng cửa bằng composite, tái tạo hình dạng răng.', '2024-04-12'),
(4, 4, N'Tái khám, kiểm tra độ bền của vật liệu phục hình.', '2024-04-26'),
(5, 1, N'Điều trị tủy răng số 36 - loại bỏ tủy viêm, lấy tủy.', '2024-05-01'),
(5, 1, N'Trám tủy, đặt thuốc kháng sinh trong ống tủy.', '2024-05-08'),
(6, 2, N'Lấy dấu hàm để chuẩn bị làm cầu răng 3 đơn vị.', '2024-05-10'),
(6, 2, N'Thử cầu răng tạm thời, điều chỉnh khớp cắn.', '2024-05-17');
INSERT INTO DieuTri (idHoSo, idBacSi, moTa, ngayDieuTri) VALUES
-- Điều trị cho hồ sơ 1 (Sâu răng số 16, 26)
(1, 1, N'Khám và chẩn đoán sâu răng, chụp X-quang để đánh giá mức độ sâu.', '2024-01-15'),
(1, 1, N'Mài sạch mô sâu răng số 16, trám composite màu A2.', '2024-01-18'),
(1, 1, N'Điều trị răng số 26, trám composite và đánh bóng.', '2024-01-22'),
(1, 1, N'Tái khám, kiểm tra độ bền trám và hướng dẫn vệ sinh răng miệng.', '2024-02-15'),

-- Điều trị cho hồ sơ 2 (Viêm nha chu)
(2, 2, N'Khám và chẩn đoán viêm nha chu, chụp X-quang đánh giá mức độ tiêu xương.', '2024-02-20'),
(2, 2, N'Cạo vôi răng và làm sạch túi nha chu giai đoạn 1.', '2024-02-23'),
(2, 2, N'Điều trị nha chu sâu, làm sạch túi nha chu giai đoạn 2.', '2024-03-01'),
(2, 2, N'Hướng dẫn vệ sinh răng miệng đúng cách và kê thuốc kháng sinh.', '2024-03-05'),
(2, 2, N'Tái khám sau 1 tháng, đánh giá kết quả điều trị.', '2024-04-05'),

-- Điều trị cho hồ sơ 3 (Răng khôn)
(3, 3, N'Khám và chụp X-quang răng khôn số 48, đánh giá vị trí mọc.', '2024-03-05'),
(3, 3, N'Tư vấn về quy trình nhổ răng khôn và chuẩn bị phẫu thuật.', '2024-03-08'),
(3, 3, N'Tiến hành nhổ răng khôn số 48, khâu vết thương.', '2024-03-12'),
(3, 3, N'Tái khám sau 3 ngày, kiểm tra quá trình lành vết thương.', '2024-03-15'),
(3, 3, N'Tháo chỉ khâu và hoàn tất điều trị.', '2024-03-22'),

-- Điều trị cho hồ sơ 7 (Viêm nướu)
(7, 4, N'Khám và chẩn đoán viêm nướu do cao răng.', '2024-05-18'),
(7, 4, N'Cạo vôi răng toàn hàm và vệ sinh răng miệng.', '2024-05-21'),
(7, 4, N'Hướng dẫn cách chải răng đúng và sử dụng nước súc miệng.', '2024-05-21'),

-- Điều trị cho hồ sơ 11 (Sâu răng số 24, 25)
(11, 5, N'Khám và chẩn đoán sâu răng vừa ở răng số 24, 25.', '2024-06-01'),
(11, 5, N'Mài sạch mô sâu và trám composite cho răng số 24.', '2024-06-04'),
(11, 5, N'Điều trị răng số 25, trám và đánh bóng hoàn thiện.', '2024-06-08'),

-- Điều trị cho hồ sơ 12 (Răng khôn số 18)
(12, 6, N'Khám và chụp phim X-quang đánh giá vị trí răng khôn.', '2024-06-03'),
(12, 6, N'Tư vấn kế hoạch nhổ răng và chuẩn bị dụng cụ phẫu thuật.', '2024-06-06'),
(12, 6, N'Tiến hành nhổ răng khôn số 18, khâu và băng bó.', '2024-06-10'),

-- Điều trị cho hồ sơ 14 (Viêm nha chu mãn tính)
(14, 7, N'Khám tổng quát và chụp phim X-quang toàn cảnh.', '2024-06-08'),
(14, 7, N'Cạo vôi răng sâu và làm sạch túi nha chu toàn hàm.', '2024-06-12'),
(14, 7, N'Điều trị nha chu sâu với kỹ thuật nạo túi nha chu.', '2024-06-15'),
(14, 7, N'Kê đơn thuốc kháng sinh và thuốc súc miệng chuyên dụng.', '2024-06-15'),

-- Điều trị cho hồ sơ 17 (Sâu răng sâu đến tủy)
(17, 8, N'Khám cấp cứu do đau răng dữ dội vào ban đêm.', '2024-06-15'),
(17, 8, N'Điều trị tủy răng số 46 - loại bỏ tủy viêm, lấy tủy.', '2024-06-18'),
(17, 8, N'Làm sạch ống tủy và đặt thuốc kháng sinh.', '2024-06-22'),
(17, 8, N'Điều trị tủy răng số 47, loại bỏ tủy bệnh lý.', '2024-06-25'),

-- Điều trị cho hồ sơ 18 (Áp xe răng)
(18, 9, N'Khám cấp cứu, chẩn đoán áp xe răng số 12.', '2024-06-18'),
(18, 9, N'Dẫn lưu mủ qua ống tủy và kê kháng sinh.', '2024-06-18'),
(18, 9, N'Theo dõi và rửa ống tủy hàng ngày.', '2024-06-21'),
(18, 9, N'Điều trị tủy và trám tủy tạm thời.', '2024-06-25'),

-- Điều trị cho hồ sơ 20 (Nứt răng)
(20, 10, N'Khám và chẩn đoán nứt răng số 16.', '2024-06-22'),
(20, 10, N'Đánh giá mức độ nứt bằng phương pháp nhuộm màu.', '2024-06-25'),
(20, 10, N'Chuẩn bị làm crown sứ để bảo vệ răng nứt.', '2024-06-28'),

-- Điều trị cho hồ sơ 22 (Mòn cổ răng)
(22, 11, N'Khám và chẩn đoán mòn cổ răng do chải răng sai cách.', '2024-06-28'),
(22, 11, N'Trám composite cho các vùng cổ răng bị mòn.', '2024-07-01'),
(22, 11, N'Hướng dẫn kỹ thuật đánh răng đúng cách.', '2024-07-01'),

-- Điều trị cho hồ sơ 23 (Viêm tủy cấp tính)
(23, 12, N'Khám cấp cứu do viêm tủy cấp tính răng số 26.', '2024-07-01'),
(23, 12, N'Mở tủy để giảm áp lực và giảm đau cho bệnh nhân.', '2024-07-02'),
(23, 12, N'Lấy tủy và làm sạch ống tủy, đặt thuốc kháng sinh.', '2024-07-05'),

-- Điều trị cho hồ sơ 24 (Rối loạn khớp thái dương hàm)
(24, 13, N'Khám và chẩn đoán rối loạn khớp thái dương hàm.', '2024-07-03'),
(24, 13, N'Lấy dấu hàm để làm nẹp cắn điều trị.', '2024-07-06'),
(24, 13, N'Tư vấn các bài tập vật lý trị liệu cho khớp hàm.', '2024-07-10');

-- Thêm một số hồ sơ bệnh án mới cho các trường hợp phức tạp
INSERT INTO HoSoBenhAn (idBenhNhan, chuanDoan, ghiChu, ngayTao, trangThai) VALUES
(3, N'Biến chứng sau nhổ răng khôn - viêm ổ răng khô', N'Bệnh nhân bị viêm ổ răng khô sau nhổ răng 5 ngày.', '2024-03-20', N'Hoàn tất'),
(5, N'Hoại tử tủy răng số 36 - cần điều trị lại', N'Điều trị tủy lần đầu thất bại, cần can thiệp lại.', '2024-05-15', N'Hoàn tất'),
(8, N'Viêm quanh răng do mảng bám vi khuẩn', N'Lợi sưng đỏ quanh vùng răng vừa trám, cần điều trị kháng viêm.', '2024-06-01', N'Hoàn tất'),
(1, N'Tái khám định kỳ sau trám răng 6 tháng', N'Kiểm tra tình trạng răng đã trám và vệ sinh răng miệng.', '2024-07-15', N'Mới'),
(9, N'Chuẩn bị niềng răng - nhổ răng tiền hàm', N'Cần nhổ 4 răng tiền hàm để tạo khoảng trống cho niềng răng.', '2024-07-20', N'Mới');

-- Thêm các lần điều trị cho hồ sơ bệnh án mới
INSERT INTO DieuTri (idHoSo, idBacSi, moTa, ngayDieuTri) VALUES
-- Điều trị biến chứng nhổ răng khôn
(26, 3, N'Khám và chẩn đoán viêm ổ răng khô sau nhổ răng khôn.', '2024-03-20'),
(26, 3, N'Làm sạch ổ răng, đặt gạc thuốc và kê thuốc giảm đau.', '2024-03-21'),
(26, 3, N'Thay gạc thuốc và theo dõi quá trình lành vết thương.', '2024-03-24'),
(26, 3, N'Tái khám, ổ răng đã lành tốt, hoàn tất điều trị.', '2024-03-28'),

-- Điều trị lại tủy răng
(27, 1, N'Khám và đánh giá tình trạng răng số 36 đã điều trị tủy.', '2024-05-15'),
(27, 1, N'Tháo trám cũ, làm sạch lại ống tủy bị nhiễm trùng.', '2024-05-18'),
(27, 1, N'Điều trị tủy lại với kỹ thuật hiện đại, sát khuẩn triệt để.', '2024-05-22'),
(27, 1, N'Trám tủy và phục hình cuối cùng bằng inlay.', '2024-05-29'),
(27, 1, N'Tái khám 1 tháng, răng ổn định không còn triệu chứng.', '2024-06-29'),

-- Điều trị viêm quanh răng
(28, 4, N'Khám và chẩn đoán viêm lợi quanh vùng răng trám.', '2024-06-01'),
(28, 4, N'Làm sạch mảng bám và điều chỉnh bề mặt trám.', '2024-06-02'),
(28, 4, N'Kê thuốc kháng viêm và hướng dẫn vệ sinh răng miệng.', '2024-06-02'),
(28, 4, N'Tái khám sau 1 tuần, tình trạng viêm đã giảm.', '2024-06-09'),

-- Tái khám định kỳ
(29, 1, N'Khám định kỳ 6 tháng sau trám răng.', '2024-07-15'),
(29, 1, N'Kiểm tra các răng đã trám, tình trạng ổn định tốt.', '2024-07-15'),
(29, 1, N'Cạo vôi răng nhẹ và đánh bóng răng định kỳ.', '2024-07-15'),

-- Chuẩn bị niềng răng
(30, 2, N'Khám và tư vấn kế hoạch niềng răng tổng thể.', '2024-07-20'),
(30, 2, N'Chụp phim X-quang và lấy dấu hàm để phân tích.', '2024-07-23'),
(30, 2, N'Nhổ răng tiền hàm số 14 chuẩn bị cho niềng răng.', '2024-07-26'),
(30, 2, N'Nhổ răng tiền hàm số 24 và theo dõi lành vết thương.', '2024-07-30');
INSERT INTO HoaDon (idBenhNhan, ngayTao, tongTien, trangThai) VALUES
(1, '2025-03-01', 1500000.00, N'DaThanhToan'),
(2, '2025-03-05', 2200000.00, N'ChuaThanhToan'),
(3, '2025-03-10', 1800000.00, N'DaThanhToan'),
(4, '2025-03-15', 900000.00, N'DaThanhToan'),
(5, '2025-03-20', 3000000.00, N'DaThanhToan'),
(6, '2025-06-01', 4200000.00, N'DaThanhToan'),
(7, '2025-06-03', 850000.00, N'DaThanhToan'), 
(8, '2025-06-05', 6500000.00, N'ChuaThanhToan'),
(9, '2025-06-08', 25500000.00, N'DaThanhToan'),
(10, '2025-06-10', 1200000.00, N'ChuaThanhToan');
-- Thêm dữ liệu mẫu vào bảng DoanhThu
INSERT INTO DoanhThu (thangNam, tongDoanhThu, idHoaDon) VALUES
('2025-01-01', 12500000.00, 1),
('2025-02-01', 15700000.00, 2),
('2025-03-01', 18300000.00, 3),
('2025-04-01', 14800000.00, 4),
('2025-03-15', 9500000.00, 5),
('2025-01-15', 7800000.00, 1),
('2025-02-15', 11200000.00, 2),
('2025-03-20', 13400000.00, 3),
('2025-04-10', 8900000.00, 4),
('2025-01-25', 10600000.00, 5),
('2025-02-25', 16500000.00, 1),
('2025-03-25', 21000000.00, 2);
-- Thêm dữ liệu mẫu vào bảng LuongNhanVien
INSERT INTO LuongNhanVien (idNguoiDung, thangNam, luongCoBan, thuong, khauTru, tongLuong) VALUES
(1, '2025-03-01', 15000000.00, 2000000.00, 500000.00, 16500000.00), -- Admin
(2, '2025-03-01', 12000000.00, 1500000.00, 300000.00, 13200000.00), -- Bác sĩ 1
(3, '2025-03-01', 11000000.00, 1200000.00, 250000.00, 11950000.00), -- Bác sĩ 2
(4, '2025-03-01', 7000000.00, 500000.00, 100000.00, 7400000.00),  -- Lễ tân
(5, '2025-03-01', 8000000.00, 800000.00, 150000.00, 8650000.00),  -- Kế toán
(6, '2025-03-01', 6500000.00, 300000.00, 50000.00, 6750000.00);  -- Quản kho

INSERT INTO LuongNhanVien (idNguoiDung, thangNam, luongCoBan, thuong, khauTru, tongLuong) VALUES
(1, '2025-04-01', 15000000.00, 2200000.00, 550000.00, 16650000.00), -- Admin
(2, '2025-04-01', 12000000.00, 1600000.00, 320000.00, 13280000.00), -- Bác sĩ 1
(3, '2025-04-01', 11000000.00, 1300000.00, 270000.00, 12030000.00), -- Bác sĩ 2
(4, '2025-04-01', 7000000.00, 600000.00, 110000.00, 7490000.00),  -- Lễ tân
(5, '2025-04-01', 8000000.00, 900000.00, 160000.00, 8740000.00),  -- Kế toán
(6, '2025-04-01', 6500000.00, 400000.00, 60000.00, 6840000.00);  -- Quản kho